PLAYER_ID,FIRST_NAME,LAST_NAME,SUFFIX,EMAIL_ADDR,PASSWORD,GENDER,DATE_OF_BIRTH,ADDR_LINE1,ADDR_LINE2,CITY,REGION,POST_CODE,CITIZENSHIP,PRIMARY_PHONE,MOBILE_PHONE,SECURITY_QUESTION1,SECURITY_ANSWER1,SECURITY_QUESTION2,SECURITY_ANSWER2,CREATION_DATE,UPDATE_DATE,PLAYER_LOCK_EXPIRE_TIMESTAMP,LAST_LOGIN,LAST_LOGOUT,STATE,COUPON,WINNING_NUMBERS,JACKPOT,NEWSLETTER,WIN_AND_PAYMENT_SYSTEM,SSN4,NEW,REGISTRATION_GAME_CLIENT,WINNING,DEPOSIT,BONUS,DAY_LIMIT,WEEK_LIMIT,MONTH_LIMIT,SPENT_LIMIT,REGISTRATION_LEVEL
91,David,Kinsinger,,david@kinsinger.net,pqH48H+9qXn23JeBjbtPE6OU9MoGfzDJT2FXC4XYkb8cKT/nZwdrtinrzTjw4Q==,Unspecified,1954-01-01,"789 Street Name",,Kennesaw,GA,30144,Non-Resident,+1 7777778888,,,,,,"2012-10-06 08:05:00.000000","2019-07-02 17:51:34.000000",,2018-08-13 13:12:08.857000,2018-08-13 10:25:20.409000,Active,0,0,0,0,0,4645,1,Site 36 Internet Portal,0,0,0,,,,,2
669218,Marlene,Cohn,,marlenecohn@yahoo.com,RUi94P/L5XJO2kNBzzgEaeWpSbBY9q5T0RkLf9Xbx+MEACBMiiGBZLkZc2U1nA==,Unspecified,1975-02-17,"1200 Ashwood Pkwy","Suite 135",Atlanta,GA,30338,Resident,+1 5555555555,,,,,,"2012-10-06 11:48:57.000000","2019-07-02 17:51:34.000000",,2013-11-25 11:00:44.455000,2013-11-25 11:02:29.661000,Active,0,0,0,0,0,,1,Site 36 Lottery GMS,0,0,0,,,,,5
1077267,Jb,Landroche,,jlandroche@galottery.org,vIuo0UHhCn1E0LNLqwdb2Ent4bLKiLNwtRErnVSp2k5egrvUmEUudQcTgzTd9Q==,Male,1969-05-16,"250 Williams Street",,Atlanta,GA,30303,Resident,,,What is your father's middle name?,"Woodrow",In what city were you born?,"Newport","2012-10-06 12:01:37.000000","2019-07-02 17:51:34.000000",,2015-10-21 17:19:49.917000,,Active,0,0,0,0,0,,1,Site 36 Lottery GMS,0,0,0,,,,,5
1435760,Teri ,Rosa,,trosa@galottery.org,FvcBjC6sUjGrXmHmQlzGcbHeiKfMBo4mBeK6Lbzpf52soCHVJwt1gk/H7Q1tTA==,Female,1957-06-06,"304 Grovewood Lane ",,Peachtree City ,GA,30269,Resident,,,What is your father's middle name?,"Joe",In what city were you born?,"Panama City","2012-10-06 12:01:36.000000","2019-07-02 17:51:34.000000",,2015-11-19 10:26:16.061000,,Active,0,0,0,0,0,,1,Site 36 Lottery GMS,0,0,0,,,,,5
12000140,Marlene,Cohn,,mcohntweet01@galottery.org,9549415B272CFA47E8445D0ACD67250E,Unspecified,1969-12-31,"250 Williams Street",,Atlanta,GA,30303,Resident,+1 4042158920,,,,,,"2012-10-06 12:01:36.000000","2019-07-02 17:51:34.000000",,,,Active,0,0,0,0,0,,1,Site 36 Lottery GMS,0,0,0,,,,,5
12000193,Lauren,Mullins,,laurenglc@gmail.com,BSMjQLquJfBTINuTbVl/qXL/3Pnj8jshPGkWvT4R883sMcTLdSAEo1WPGrlCEA==,Unspecified,1969-12-31,"789 Williams St",,Atlanta,GA,30005,Resident,+1 4042155000,,What was the name of your first school teacher?,"teacher",What is your father's middle name?,"middle","2012-10-06 12:01:42.000000","2019-07-02 17:51:34.000000",,2012-11-06 11:56:11.866000,2012-11-06 12:23:45.883000,Active,0,0,0,0,0,6585,1,Site 36 Lottery GMS,0,0,0,,,,,2
12000195,Marlene,Cohn,,mcohntweet12@galottery.org,EDCBtna6I0X8hPc3V7YBye4MXcAwzgmsVa6rluKyosXPB9yXR3Ln8YGxDe7y5g==,Unspecified,1933-05-15,"789 Williams",,Atlanta,GA,30005,Resident,+1 4042158920,,What was the make of your first car?,"car",In what city were you born?,"born","2012-10-06 12:01:42.000000","2019-07-02 17:51:34.000000",,2014-03-26 11:50:58.357000,2014-03-26 11:55:07.942000,Active,0,0,0,0,0,7459,1,Site 36 Lottery GMS,0,0,0,,,,,5
12000206,Lauren,Mullins,,laurenmmullins@gmail.com,yA/5aZsnHnqepb3QVLH1CDJE2YhB9loKe+4+Ao86pdqneVZVDYSdwFMiTVeDFg==,Unspecified,1956-10-01,"789 Williams",,Atl,GA,30005,Resident,+1 4042155000,,What was the make of your first car?,"car",In what city were you born?,"born","2012-10-06 12:01:42.000000","2019-07-02 17:51:34.000000",,2016-02-16 11:56:44.468000,2016-02-16 12:12:04.486000,Active,0,0,0,0,0,4567,1,Site 36 Lottery GMS,0,0,0,,,,,5
12000207,Lauren,Mullins,,laurenmmullins@att.net,dmc644uMVjyE2FnjfJp9ixWm7kEM4RBpQcUHLJ/9TdgHOflTfXLGRLCBmXolVA==,Unspecified,1987-10-05,"789 Williams",,Atlanta,GA,30005,Resident,+1 4042155039,,What was the make of your first car?,"car",In what city were you born?,"city","2012-10-06 12:01:42.000000","2019-07-02 17:51:34.000000",,2013-02-08 15:50:17.311000,2013-02-08 15:54:54.310000,Active,0,0,0,0,0,4582,1,Site 36 Lottery GMS,250,500,18,,,,,2
12000224,Marlene,Cohn,,mcohntweet16@galottery.org,y6uIj3etAt/fo8SqasE5ggWcilHxL58+nyGQLkPXTsHr2B/EPwCBjrBAMx/wPg==,Unspecified,1993-10-31,"789 Taylors Ct.",,Marietta,GA,30005,Resident,+1 7705943198,,What was the name of your first school teacher?,"bill",In what city were you born?,"miami","2012-10-06 12:01:43.000000","2019-07-02 17:51:34.000000",,2013-10-23 12:01:30.945000,2013-08-15 16:27:03.607000,Active,0,0,0,0,0,2369,1,Site 36 Lottery GMS,0,0,0,,,,,2
12000229,Tina,Cooley,,qatest54@galottery.org,TAaz4zzRCJW1cFhmgm4ki5zECfv+1e/tgwzpzoVs6FpRkqGKgRGEHiaoNUMfxQ==,Unspecified,1967-05-15,"78 9 Walker Ave.",,Michigan,GA,30005,Resident,+1 3788377837,,What is your favorite song?,"stairway to heaven",In what city were you born?,"atlanta","2012-10-06 12:01:42.000000","2019-07-02 17:51:34.000000",,2014-04-21 13:18:18.649000,2014-04-21 13:34:17.220000,Active,0,0,0,0,1,9754,1,Site 36 Lottery GMS,0,0,0,,,,,2
12000237,Marlene,Cohn,,mcohntweet14@galottery.org,j5z7LiW3GcyKLxDU6cFvL8NZv2O3tOKwfcMMmQOIIHfxvm8SXWd7U8dVMzjkww==,Unspecified,1984-02-29,"789 Williams Street",,Savannah,GA,30005,Resident,+1 7065551212,,,,,,"2012-10-06 12:01:43.000000","2019-07-02 17:51:34.000000",,2014-07-24 14:47:12.903000,2014-07-24 15:02:49.619000,Active,0,0,0,0,0,4874,1,Site 36 Lottery GMS,0,0,0,,,,,2
12000312,Gregory,Simpson,,gsimpson125@gmail.com,/5bzZRlsTuBWse7QjKQXEU6/W1MJJ/PLW8oZnv3g67dUhK52yvAG5C1sVOrjxw==,Unspecified,1982-05-25,"3004 Wingate Way",,Atlanta,GA,30350,Resident,+1 4042227800,+1 4042227883,What is your father's middle name?,"alex",In what city were you born?,"ny","2012-10-17 12:28:58.000000","2019-07-02 17:51:34.000000",,2016-02-22 18:24:47.329000,2016-02-22 18:43:25.078000,Active,0,0,0,0,1,,1,Site 36 Internet Portal,0,0,0,,,,,5
12000377,Adina,Eisenmenger,,qatest37@galottery.org,t1QXlUVTH+MjQ4ihhRUilvKizgMj9AajZU7K87liIZW005dU4teXSrAhlKi3wA==,Unspecified,1973-06-16,"78 9 Rainbow Cir",,Decatur,GA,30005,Resident,+1 5424656985,,What was the name of your first school teacher?,"teacher",In what city were you born?,"born","2012-10-29 09:59:27.000000","2019-07-02 17:51:34.000000",,2014-04-07 09:40:45.605000,2014-04-07 09:40:52.059000,Active,0,0,0,0,1,,1,Site 36 Internet Portal,0,0,0,,,,,5
12000393,David,GTECH,,david.kinsinger@gtech.com,DJO4lDj1VeG9eGhftaAzmIZ5LVUqhjjkqdfmxcSbMlq8DfQtDmFq3NGKvz3mkg==,Unspecified,1952-01-01,"789 Street",,City,GA,30005,Resident,+1 8888888888,,What was the make of your first car?,"car",In what city were you born?,"city","2012-10-29 13:44:06.000000","2019-07-02 17:51:34.000000",,,,Active,0,0,0,0,1,,1,Site 36 Internet Portal,0,0,0,,,,,5
12002268,LaToya,Muff,,latoya.muff@gtech.com,eudILSO6dk1KE+Ze8hcNpFWSMkiRuy8GYwkjJXrmkJccv2MpHZ0GUBOod0fYTQ==,Unspecified,1940-12-18,"78 9 Gtech","3400",Atlanta,GA,30005,Resident,+1 6783575266,,What was the name of your first school teacher?,"carter",In what city were you born?,"americus","2012-11-01 16:16:15.000000","2019-07-02 17:51:34.000000",,2013-11-14 17:05:52.810000,2013-11-14 17:21:07.307000,Active,0,0,0,0,1,1231,1,Site 36 Internet Portal,0,0,0,,,,,2
12002330,Tina,Mcgillicuddy,,tina.does.interweb@gmail.com,3CoDeRHnT55YDMTMLXmUsLsNKv9+5PmiMfcE4Gw/1ut5V8lV1DxYtqq+SdxXmg==,Unspecified,1975-02-20,"123 Cool Street",,East Cooltown,GA,30005,Resident,+1 4045555555,,What was the make of your first car?,"car",In what city were you born?,"city","2012-11-13 16:06:02.000000","2020-04-02 16:24:31.000000",,2020-04-02 16:24:31.742000,2020-04-02 16:24:36.822000,Active,0,0,0,0,1,,1,Site 36 Internet Portal,0,0,0,,,,,5
12002331,Tina,Coolatta,,tina.desormier@gmail.com,XR2XZhV7WMbMjJt3k5t4xrrABsPAVH/abkUuBnfclOjzBH482rMjZ4JbrlOxNQ==,Unspecified,1977-01-15,"123 No Way",,West Cooltown,GA,30005,Resident,+1 4048597598,+1 4457344903,What was the make of your first car?,"car",In what city were you born?,"city","2012-11-13 16:54:56.000000","2020-04-02 15:20:54.000000",,2020-04-02 15:20:49.405000,2020-04-02 15:35:56.681000,Active,0,0,0,0,1,2452,1,Site 36 Internet Portal,0,0,0,,,,,2
12400216,Greg,Test,,greg@kinsinger.net,k/jWWnJKf8zAkjSDPrat7mndIu3QiLnWyEakl74yLUNi5E396wu8knljUiJhSA==,Unspecified,1978-01-01,"789 Test St",,Kennesaw,GA,30005,Resident,+1 6545678765,,What was the make of your first car?,"car",In what city were you born?,"city","2012-11-16 11:57:49.000000","2019-07-02 17:51:34.000000",,2015-05-01 11:44:47.605000,2015-05-01 11:45:31.837000,Active,0,0,0,0,1,3321,1,Site 36 Internet Portal,0,0,0,,,,,2
12400228,PlayerThirtyFive,PlayerThrityFive,,player35@gtech.com,y8Zw+02Ggdh0tvBRWSi7abn9OfNqtSCFQw76VbR7mdUagQ0dzyWoHu2cR/cvqA==,Unspecified,1968-02-29,"No 78  9 Test Street","Suite 7",Waterfordd,GA,30303,Resident,+1 7703245658,+1 7704456678,What was the make of your first car?,"chevy",In what city were you born?,"calgary","2012-11-26 18:08:39.000000","2020-07-13 08:49:32.000000",,2020-07-13 08:49:32.165000,2020-07-13 09:04:49.698000,Active,0,0,0,0,1,4321,1,Site 36 Internet Portal,1501,0,0,,,,1,2
12400267,Player,Name,,qatest40@galottery.org,ChwfUl2JYRgpsXmyEz9rv37jJEQDtmXAkBuwQ1XeYRtFUeDy0LXk7D0c22DmFw==,Unspecified,1953-05-18,"78 9 Player Street",,Player City,GA,30005,Resident,+1 4042155155,,What was the make of your first car?,"car",In what city were you born?,"wilmington","2013-01-15 15:35:32.000000","2019-07-02 17:51:34.000000",,2013-05-30 14:06:16.313000,2013-05-30 14:25:53.732000,Active,0,0,0,0,1,3456,1,Site 36 Internet Portal,0,0,0,,,,,2
12400270,Lauren,Mullins,,laurenmmullins@icloud.com,BPWr9r6rDUH2bzszCU9b3mKCjyfnARoRzFulrFQNKAK56Q6pZ5Ef0u6/i9BBrQ==,Unspecified,1987-10-05,"789 Williams St Nw",,Atlanta,GA,30005,Resident,+1 4042155000,,What was the make of your first car?,"car",In what city were you born?,"city","2013-01-16 09:39:07.000000","2019-07-02 17:51:34.000000",,2014-02-18 14:22:19.441000,2014-02-18 14:41:13.251000,Active,0,0,0,0,1,1234,1,Site 36 Internet Portal,0,0,0,,,,,2
12400291,Gary,Tescom,,gary_tescom@yahoo.com,vsvC+GHe1HbEgRrYVPS9klwMiFbxVDoy43pxOg0V5YqwBG4ep6AAcWeLKdvLlQ==,Unspecified,1972-05-21,"555 Main St",,Atlanta,GA,30303,Resident,+1 4048847748,,What is your favorite song?,"hero",In what city were you born?,"miami","2013-01-22 09:00:09.000000","2019-07-02 17:51:34.000000",,2013-04-29 11:34:36.814000,2013-04-29 11:34:53.988000,Active,0,0,0,0,1,7789,1,Site 36 Internet Portal,0,0,0,,,,,2
12400292,Gopal,Kumar,,gopal@gtech.com,61sijNnTq0zbOkyVfxGmY2cgeGfApe3QBWMU4UmHtB3JKSS9Zj5czb5eNc4YGw==,Unspecified,1993-03-03,"Address",,Mycity,GA,30005,Resident,+1 1111111112,,What is your favorite song?,"aaa",What was the make of your first car?,"aaa","2013-01-22 11:04:05.000000","2019-07-02 17:51:34.000000",,2018-03-16 05:19:34.888000,2016-08-31 04:17:14.938000,Active,0,0,0,0,1,3333,1,Site 36 Internet Portal,0,0,0,,,,,2
12400323,Lauren,Mullins,,laurenmmullins@ymail.com,QmLPkEeGCr4lrOaE1f9DPn1EnJS7WPd3nHb/Ujy8IslwxBIKNbdsH/GfnMa/Ig==,Unspecified,1987-10-05,"789 Williams St",,Atlanta,GA,30005,Resident,+1 4042155000,,What was the name of your first school teacher?,"teacher",In what city were you born?,"city","2013-01-24 09:55:15.000000","2019-07-02 17:51:34.000000",,2013-05-22 15:06:01.723000,2013-05-22 15:06:46.756000,Active,0,0,0,0,1,8425,1,Site 36 Internet Portal,0,0,0,,,,,2
12400357,Smoke,Testseven,,smoke7@kinsinger.net,+8oy9mj7RByynlxccmbbeScPfbqsOx/qftNFszdUfbvTIXSzgW+rrC04XKKApQ==,Unspecified,1980-01-01,"78 9 Street",,Atlanta,GA,30005,Resident,+1 4567894545,,What was the make of your first car?,"car",In what city were you born?,"city","2013-01-29 07:58:19.000000","2019-07-02 17:51:34.000000",,2013-08-05 16:58:12.758000,2013-08-05 16:58:23.076000,Active,0,0,0,0,1,9992,1,Site 36 Internet Portal,0,0,0,,,,,2
12400358,Restrict,Tescom,,restrict_tescom@yahoo.com,EtYnYVJGRmN3wvbkoHqtKLJbhI3tgCJJSuULn6dD9qq3vD6MaMqLjo7NFpAdjg==,Unspecified,1981-09-08,"Rr 14 Box 42",,Amberlin,FL,30005,Resident,+1 2087748866,,What was the name of your first school teacher?,"bill",In what city were you born?,"miami","2013-01-29 08:02:02.000000","2019-07-02 17:51:34.000000",,2015-08-14 11:32:27.617000,2015-08-14 11:32:56.731000,Active,0,0,0,0,1,5445,1,Site 36 Internet Portal,0,0,0,,,,,2
12402282,Ray,Raven,,araven@galottery.org,pvzgRUOnAXk7At1WZAsVrvQhClVWbDYtIKRPgxQCAFartVyqhLv8RlJgXuOckg==,Unspecified,1982-02-03,"78 9 Baltimore Drive ",,Atlanta,GA,30005,Resident,+1 2292262101,+1 6782531102,What was the name of your first school teacher?,"teacher",In what city were you born?,"baltimore","2013-02-04 15:32:21.000000","2020-02-11 12:42:26.000000",,2013-02-06 14:41:32.160000,2013-02-06 14:57:33.855000,Closed,0,0,0,0,1,1234,1,Site 36 Retailer Terminal,0,0,0,,,,,2
12410247,Bran,Tescom,,bran_tescom@yahoo.com,2FrWGVxEWKGl5b8V2iKaLU61idJJTD5SvN+N1s1zSuFyrfXer9UYGoBLRM1Mcw==,Unspecified,1978-05-23,"789 Main Godswood Ln",,Winterfell,GA,30005,Non-Resident,+1 5515579950,,What was the name of your first school teacher?,"bill",In what city were you born?,"miami","2013-04-03 09:05:32.000000","2019-07-02 17:51:34.000000",,2014-12-04 09:02:37.466000,2014-12-04 09:21:55.680000,Active,0,0,0,0,1,8451,1,Site 36 Internet Portal,0,0,0,,,,,2
12410264,Landon,Carter,,qatest71@galottery.org,f9xjV0dwmlPBb9MHIz+8Zay00L3lNHyzMOEBIbaVQJwzAtOm6a5/2TatFaZFPw==,Unspecified,1989-08-20,"78 9 Ditmas Avenue",,Altanta,GA,30005,Resident,+1 4045126589,,What was the name of your first school teacher?,"madison",In what city were you born?,"madison","2013-04-17 11:02:53.000000","2019-07-02 17:51:34.000000",,2014-09-08 16:02:16.776000,2014-09-08 16:04:53.889000,Active,0,0,0,0,1,7172,1,Site 36 Internet Portal,0,0,0,,,,,2
12410282,Almori,Robert,,mcohntweet04@galottery.org,THkhqLrkYfB9Q9XL/Kj+fVuS4OY0/NJ0hGyM5WoXCfXnhSJAbvHuhTc7tnY+sw==,Unspecified,1971-12-19,"250 Williams Street Nw","3000a",Atlanta,GA,30303,Resident,+1 4042155000,,What is your favorite song?,"song",In what city were you born?,"city","2013-05-01 12:11:16.000000","2019-07-02 17:51:34.000000",,2018-12-07 12:36:42.545000,2018-12-07 12:38:47.601000,Active,0,0,0,0,1,,1,Site 36 Internet Portal,0,0,0,,,,,5
12412247,Halle,Strawberry,,gtechgatest01@hotmail.com,o0Bi/7B03SnOJYA/AefaGfaKNfBujIU9WaEK/n15GiZ0aQQAv5vON3Q9hDX9IA==,Unspecified,1973-01-05,"P.o. Box 759",,Atlanta,GA,30303,Resident,+1 7705551111,,What was the make of your first car?,"acura",In what city were you born?,"dallas","2013-06-05 11:16:41.000000","2019-07-02 17:51:34.000000",,2017-07-07 15:00:38.626000,2017-07-07 15:17:29.613000,Active,0,0,0,0,1,8544,1,Site 36 Internet Portal,0,0,0,,,,,2
12412248,Christopher,Turner,,gtechgatest02@hotmail.com,N6SQp4DwrhFlSZyICnyrhmcetHrLSWS1dKQ47Qqn3cZq055tnxKJUXbPPNKTAg==,Unspecified,1973-01-05,"78 9 Lovejoy Street",,Atlanta,GA,30005,Resident,+1 4045555444,,What is your father's middle name?,"allen",In what city were you born?,"elizabeth","2013-06-05 11:23:25.000000","2019-07-02 17:51:34.000000",,2017-07-07 15:04:30.099000,2017-07-07 15:22:35.683000,Active,0,0,0,0,1,5477,1,Site 36 Internet Portal,0,0,0,,,,,2
12412249,Alaina,Moore,,gtechgatest03@hotmail.com,tPNWERL343NA3fHgU2H9aWjgG7PHwG18sjpfhdg2mPJIXemLy7RNjudyEm68Fw==,Unspecified,1970-01-01,"515 Watershed Ct",,Lithia Springs,GA,30005,Resident,+1 4049811111,,What was the make of your first car?,"toyota",In what city were you born?,"atlanta","2013-06-06 15:13:25.000000","2019-07-02 17:51:34.000000",,2015-12-04 13:19:36.592000,2015-12-04 13:35:30.309000,Active,0,0,0,0,1,3456,1,Site 36 Internet Portal,0,0,0,,,,,2
12412253,Lorry,Douglas,,gtechgatest04@hotmail.com,0yD4TSTWE9k6GLNgzVW5QWl+sbSia5NRtEOPLLKF567mnG5s8USAbN3UBXuDLw==,Unspecified,1973-09-01,"789 Lovejoy Street",,Atlanta,GA,30005,Resident,+1 6784455548,,What was the make of your first car?,"bmw",In what city were you born?,"plainfield","2013-06-07 09:13:31.000000","2019-07-02 17:51:34.000000",,2017-08-17 12:08:25.516000,2017-08-17 12:24:08.502000,Active,0,0,0,0,1,4587,1,Site 36 Internet Portal,0,0,0,,,,,2
12412255,Simba,Lionking,,qatest81@galottery.org,FcBKA0XjF+B+nfd+yaqOIhdgOyJsOrJvL1ymMCNn3+0+Pz5b7sBtViI1XSqDfQ==,Unspecified,1974-09-19,"789 Main Timbuktu Ln",,Fort Gaines,GA,30005,Resident,+1 4042587741,+1 6785124478,What was the name of your first school teacher?,"bill",In what city were you born?,"miami","2013-06-11 10:07:00.000000","2019-07-02 17:51:34.000000",,2015-07-07 14:10:51.783000,2015-07-07 14:14:01.124000,Active,0,0,0,0,1,4889,1,Site 36 Internet Portal,0,0,0,,,,,2
12412256,Mike,Cyclops,,qatest82@galottery.org,XEfxgFAiQcvmJKs/pbaGVIXevXy7Fx/xUMC0KRRd67UzOzSCpslj7h/otH/Qkg==,Unspecified,1955-09-21,"789 Main Monsters Inc Cir",,Hiram,GA,30005,Resident,+1 4048851158,+1 7706554214,What is your father's middle name?,"frank",What was the make of your first car?,"honda","2013-06-11 10:14:52.000000","2019-07-02 17:51:34.000000",,2015-07-07 14:19:15.357000,2015-07-07 14:21:56.759000,Active,0,0,0,0,1,,1,Site 36 Internet Portal,0,0,0,,,,,5
12412257,Penelope,Bracklemore,,qatest83@galottery.org,ainVb/22I1gNq3eyMPaI7XCuczbYwTqjT6TjfSkQPoCOTI6spMXs2I21Y/DtWg==,Unspecified,1981-01-05,"789 Main Burton Rd",,Macon,GA,30005,Resident,+1 6784451587,,What was the name of your first school teacher?,"bill",In what city were you born?,"miami","2013-06-11 10:23:47.000000","2019-07-02 17:51:34.000000",,2015-07-07 14:22:22.104000,2015-07-07 14:27:35.377000,Active,0,0,0,0,1,7896,1,Site 36 Internet Portal,0,0,0,,,,,2
12412258,Francis,Beacon,,qatest85@galottery.org,YhFWGa201C3BxQwaK7eNPKwvGlxLueP1pdnLO0/0rwYixZ9OT7G0pZLWlAFn2w==,Unspecified,1972-09-23,"789 Main Twix Ave",,Marlin,AL,30005,Resident,+1 5157785415,,What is your favorite song?,"hero",What is your father's middle name?,"frank","2013-06-11 10:28:08.000000","2019-07-02 17:51:34.000000",,2015-04-29 13:48:46.441000,2015-04-29 14:04:19.674000,Active,0,0,0,0,1,4948,1,Site 36 Internet Portal,0,0,0,,,,,2
12412259,Hannah,Piper,,qatest86@galottery.org,1ax0R9J47BH1Z0VNIZCygKCpJXf5SLYwPapI0YfvlJV+ilsjnBfHSg4aeuchxQ==,Unspecified,1975-10-25,"789 Main Roland Dr",,Smyrna,GA,30005,Resident,+1 4045518775,+1 6784875515,What was the make of your first car?,"honda",In what city were you born?,"miami","2013-06-11 10:32:39.000000","2019-07-02 17:51:34.000000",,2014-02-11 10:03:57.103000,2014-02-11 10:05:16.984000,Active,0,0,0,0,1,6882,1,Site 36 Internet Portal,0,0,0,,,,,2
12412260,Sherlock,Holmes,,qatest61@galottery.org,4RFxudnz1ifJ98PTFNlNwkpYWxNzqttrGuupKDIwh4x/XPqM96PszeuzdXXIUw==,Unspecified,1973-04-24,"789 Main Baker St","22-b",London,GA,30005,Resident,+1 7782938928,+1 2839385729,What was the name of your first school teacher?,"bill",In what city were you born?,"miami","2013-06-11 10:59:36.000000","2019-07-02 17:51:34.000000",,2015-07-07 14:16:54.531000,2015-07-07 14:18:19.603000,Active,0,0,0,0,1,8451,1,Site 36 Internet Portal,0,0,0,,,,,2
12412261,John,Watson,,qatest62@galottery.org,rRlWyvqh36SXg+maANVua6WIdNvqDQeUcXlf3NVL7hveuVCTKkhromTUnpGK/g==,Unspecified,1978-09-26,"789 Main Baker St","22-b",London,GA,30005,Resident,+1 4568784515,,What is your favorite song?,"hero",What was the make of your first car?,"honda","2013-06-11 11:06:28.000000","2019-07-31 23:05:05.000000",,2014-08-05 09:32:35.380000,2014-08-05 09:32:48.979000,Active,0,0,0,0,1,4562,1,Site 36 Internet Portal,0,0,0,,,,,2
12412263,Irene,Adler,,qatest63@galottery.org,zXwKTvfht+HjPv6XYsiZgo7nisJxcN/l/GSBmWh5VHt4e806ER9id1q5gUNjrA==,Unspecified,1975-05-26,"789 Main Woman Rd",,Camden,NJ,30005,Resident,+1 6784515778,,What was the name of your first school teacher?,"bill",In what city were you born?,"miami","2013-06-11 14:11:48.000000","2019-07-02 17:51:34.000000",,2015-07-07 14:14:54.306000,2015-07-07 14:16:24.010000,Active,0,0,0,0,1,9451,1,Site 36 Internet Portal,0,0,0,,,,,2
12412265,Michael,Fassbender,,qatest84@galottery.org,w15/floIVRQccU19J1CWL2zq8uPqsXrBiTlk884ZtCXcBChiQzQwLvg6GgJoxQ==,Unspecified,1963-08-18,"789 Main Hollywood Blvd",,Newnan,GA,30291,Resident,+1 4045551577,,What was the name of your first school teacher?,"bill",What is your father's middle name?,"frank","2013-06-12 09:32:47.000000","2019-07-02 17:51:34.000000",,2013-08-02 15:28:22.222000,2013-08-02 15:46:30.172000,Active,0,0,0,0,1,5892,1,Site 36 Retailer Terminal,0,0,0,,,,,2
12412266,John,Taylor,,gtechgatest05@hotmail.com,SeFycYmk86naSWYvBquMF+GW9bx1hh6bIa8y72To3jORYMRTLOTgNyL1O0cr+g==,Unspecified,1976-01-01,"789 Hopewell Road",,Atlanta,GA,30005,Resident,+1 4042227855,,What was the make of your first car?,"atlanta",In what city were you born?,"atlanta","2013-06-12 14:01:55.000000","2019-07-02 17:51:34.000000",,2013-12-02 11:23:02.941000,2013-06-13 10:57:11.159000,Active,0,0,0,0,1,5695,1,Site 36 Internet Portal,0,0,0,,,,,2
12412267,Susan,Jones,,gtechgatest06@hotmail.com,9CXH/iwYLS7fhbFuiAEMDbckA8b2zYHfR53lHEBIQPGF1/F0UQq0qa4LqYGFgQ==,Unspecified,1983-01-01,"789 Forever Street",,Atlanta,GA,30005,Resident,+1 4042226589,,What was the make of your first car?,"atlanta",In what city were you born?,"atlanta","2013-06-12 14:03:22.000000","2019-07-02 17:51:34.000000",,2014-11-20 14:12:52.686000,2014-11-20 14:33:32.697000,Active,0,0,0,0,1,8999,1,Site 36 Internet Portal,0,0,0,,,,,2
12412268,Paul,Macon,,pmacon@galottery.org,Sc9rn8SSn/y7ul8tP0BF5yUs4y0gor5MtvJYuGPFhSEXRnHMAhSSKAe98+xQ2w==,Unspecified,1985-06-06,"7901671 America Ave",,Warner Robin,GA,30005,Resident,+1 4781116554,,What was the make of your first car?,"ford",In what city were you born?,"tampa","2013-06-12 14:35:54.000000","2019-07-02 17:51:34.000000",,,,Active,0,0,0,0,1,3134,1,Site 36 Retailer Terminal,0,0,0,,,,,2
12412269,Linda,Duluth,,lduluth@galottery.org,rz+YDdgfflZicNI5mVN8iNxQJSYW8XCf9hgkmX+y1Xp0iRj1mNC6Amz26EVaXA==,Unspecified,1961-10-10,"76 84 Thomas Lane",,Suwannee,GA,30005,Resident,+1 6781116554,,What was the make of your first car?,"ford",In what city were you born?,"san francisco","2013-06-12 14:36:38.000000","2019-07-02 17:51:34.000000",,,,Active,0,0,0,0,1,4245,1,Site 36 Retailer Terminal,0,0,0,,,,,2
12412270,Sherry,Airport,,sairport@galottery.org,H8BYvx0vYQWOjJyWT+qSSyaSJ5wKNbzVk54eEMLwoZj/rMo7m045mBiu9zyHmw==,Unspecified,1980-08-16,"71 75 Carport Lane",,Roswell,GA,30005,Resident,+1 7892227665,,What was the make of your first car?,"ford",In what city were you born?,"detroit","2013-06-12 14:39:12.000000","2019-07-02 17:51:34.000000",,,,Active,0,0,0,0,1,3134,1,Site 36 Retailer Terminal,0,0,0,,,,,2
12412272,Russell,Recruit,,rrecruit@galottery.org,Y85vpvX6WNkrzAFmV7iYqFARBWDsTano+XoaPfurymXcGgaqWchg1W/Kx9ZUGA==,Unspecified,1976-06-06,"456 Ready Lane ",,Peachtree City,GA,30269,Resident,+1 7702259911,,What was the make of your first car?,"ford",In what city were you born?,"tampa","2013-06-13 13:07:34.000000","2019-07-02 17:51:34.000000",,,,Active,0,0,0,0,1,1111,1,Site 36 Retailer Terminal,0,0,0,,,,,2
12412275,Gopal,Kumar,,nagagopala.vijjapu@gtech.com,45tAKf1c9DUD6wS0I1HFlIfUs70bYa2TiQvOuZOv6Nuk+GxzzlWGEqcs5rxtMw==,Unspecified,1993-02-03,"Address",,Mycity,GA,30005,Resident,+1 2121212221,,What is your father's middle name?,"aaa",In what city were you born?,"aaa","2013-06-14 02:15:52.000000","2019-07-02 17:51:34.000000",,2018-03-05 05:11:13.268000,2018-03-05 05:11:37.362000,Active,0,0,0,0,1,,1,Site 36 Internet Portal,0,0,0,,,,,5
12412277,Vijayakumari,Pydipati,,vijji_p2005@yahoo.com,1SHaWhkIUKTjGWMVmvNqaHhAuxI5Z9QLAG6vjYcfYR3lEsu69IhvB4zFWpf7Cw==,Unspecified,1994-01-01,"Test Lane","Apartment",Atlanta,GA,30318,Resident,+1 4649874654,+1 7897565645,What is your father's middle name?,"rao",In what city were you born?,"vijayawada","2013-06-18 04:37:18.000000","2019-07-02 17:51:34.000000",,2016-04-06 03:57:32.701000,2016-04-06 04:01:13.355000,Active,0,0,0,0,1,5852,1,Site 36 Internet Portal,0,0,0,,,,,2
12412278,Gendry,Storm,,gendry_tescom@yahoo.com,ky3d1S0dgYj+yZOj2Y4R5fhr061VJW+X+FiWqHeAKWb+nTm2gOhy6TdWZxRNsg==,Unspecified,1973-06-17,"789 Main Phonebox Dr",,Casterly Rock,GA,30005,Resident,+1 7705515774,+1 4568789451,What was the name of your first school teacher?,"bill",What is your father's middle name?,"frank","2013-06-18 08:48:40.000000","2019-07-02 17:51:34.000000",,2013-06-28 09:10:03.207000,2013-06-28 09:27:19.698000,Active,0,0,0,0,1,4545,1,Site 36 Internet Portal,0,0,0,,,,,2
12412285,Lisa,Williams,,lisawilliamstest@hotmail.com,im9XvUMqTHlGCdWm+hmT48yppdI1g2bl+5V8gbCCnShzzRDgWe2/plQgy1Yusw==,Unspecified,1980-01-01,"250 Williams",,Atlanta,GA,30303,Resident,+1 4045555555,,What was the make of your first car?,"atlanta",In what city were you born?,"atlanta","2013-06-20 11:26:33.000000","2019-07-02 17:51:34.000000",,2015-04-28 09:14:02.568000,2015-04-28 09:14:14.848000,Active,0,0,0,0,1,,1,Site 36 Internet Portal,0,0,0,,,,,5
12412333,Card,Test,,ctest@galottery.org,6cH67fPYtEKZ4EpK+UkjbUwqChRqftnaxshW3x/EhnM5VFmtcvUaf2vDlfH5tA==,Unspecified,1980-01-09,"15 Winner Lane",,Atlanta,GA,30303,Resident,+1 4048888888,,What was the make of your first car?,"ford",In what city were you born?,"tampa","2013-06-28 16:36:21.000000","2019-07-02 17:51:34.000000",,2019-05-14 12:03:26.894000,2019-05-14 12:06:27.939000,Active,0,0,0,0,1,3121,1,Site 36 Retailer Terminal,0,0,0,,,,,2
12412346,Vijaya,Kumari,,p_vijaya06@yahoo.in,ui+r4EfSNSWo9T0RV8llaTbI6Uu81rZIAr2RHyJ/CKOPyZ3VhhJQFyPUls1RmQ==,Unspecified,1983-01-14,"78 9 Test Street","Test",Test,GA,30005,Resident,+1 9744564564,+1 5454564564,What was the name of your first school teacher?,"laxmi",In what city were you born?,"vza","2013-07-09 05:40:22.000000","2019-07-02 17:51:34.000000",,2014-07-01 05:50:02.183000,2014-07-01 05:51:07.802000,Active,0,0,0,0,1,6321,1,Site 36 Internet Portal,0,0,0,,,,,2
12412347,Jane,Workswell,,jworkswell@galottery.org,KTBaYRyERd13TZ9IMhypDj13inQUAYkTy/P3edCmdbGtVblI1jTmDD4ILhLxKw==,Unspecified,1963-05-04,"270 Hallow St",,Loganville,GA,30052,Resident,+1 6781667744,,What was the make of your first car?,"ford",In what city were you born?,"new york","2013-07-09 15:53:43.000000","2019-07-02 17:51:34.000000",,,,Active,0,0,0,0,1,2112,1,Site 36 Retailer Terminal,0,0,0,,,,,2
12414247,Marlene,Cohn,,mcohntweet03@galottery.org,pWbAa7H/JUb6b+MgsV5lU/hEdyy7GyWhWhiF/ZsGVVXON6BxWLrdfCJJaVkOTA==,Unspecified,1995-01-01,"250 Williams Street",,Atlanta,GA,30316,Resident,+1 7705551212,,In what city were you born?,"born",What was the make of your first car?,"car","2013-08-05 17:21:28.000000","2019-07-02 17:51:34.000000",,2013-12-02 17:10:48.457000,2013-12-02 17:12:32.082000,Active,0,0,0,0,1,,1,Site 36 Internet Portal,0,0,0,,,,,5
12414249,Marlene,Cohn,,mcohntweet11@galottery.org,YMWpBgITXpHpPysDy9Fq2EEe/4xUAakWqUP0eYPcUtgdYPc1VTqeVcqdqjPSTg==,Unspecified,1995-01-01,"789 Main Street",,Newcity,GA,30005,Resident,+1 7702555265,,What was the name of your first school teacher?,"teacher",In what city were you born?,"born","2013-08-05 17:31:10.000000","2019-07-02 17:51:34.000000",,2013-12-30 13:12:12.864000,2013-12-30 13:22:28.567000,Active,0,0,0,0,1,1963,1,Site 36 Internet Portal,0,0,0,,,,,2
12416248,Horace,Tescom,,horace_tescom@yahoo.com,DnasUtakqSy3JZf+AW5KSRY819gmOmQQGNKUDN55E8d+36HNtLfp5GuMoKYpYQ==,Unspecified,1971-05-23,"Po Box 44",,Atlanta,GA,30005,Resident,+1 4042257752,,What is your favorite song?,"hero",What is your father's middle name?,"frank","2013-08-26 09:02:59.000000","2019-07-02 17:51:34.000000",,2018-07-09 16:55:44.648000,2018-07-06 18:17:49.646000,Active,0,0,0,0,1,,1,Site 36 Internet Portal,0,0,0,,,,,5
12416250,Domino,Tescom,,qatest037@galottery.org,vgtug3oaGVjuo+5XLCM1Y+PKLgtzdqqWyzBcnzX/yADlKAAxcZIK+fXxTNUv3A==,Unspecified,1981-04-15,"P.o. Box 44",,Smithville,GA,30005,Resident,+1 4048854455,+1 4548789855,What was the name of your first school teacher?,"bill",What is your father's middle name?,"frank","2013-08-26 10:47:51.000000","2019-07-02 17:51:34.000000",,2015-07-07 13:55:42.381000,2015-07-07 13:58:31.906000,Active,0,0,0,0,1,5157,1,Site 36 Internet Portal,0,0,0,,,,,2
12416251,Reggie,Davis,,reggiedavis@yahoo.com,5eguiWaV3bzoQEjdW/bvlQoAPif+b+FfLX/2e5leSVwANqUJPteBUOa8bUATdA==,Unspecified,1984-04-10,"789 Main",,Atlanta,GA,30005,Resident,+1 1564164789,,What is your favorite song?,"hero",What is your father's middle name?,"frank","2013-08-26 10:51:25.000000","2019-07-02 17:51:34.000000",,2013-12-06 13:36:51.813000,2013-12-06 13:52:16.484000,Active,0,0,0,0,1,7845,1,Site 36 Retailer Terminal,0,0,0,,,,,2
12416252,Khan,Tescom,,qatest038@galottery.org,k8oMsMW209pQ9WnkLamEW0k4LBLfEE6FkcxsWajO3g8xRJ7yZwXSYtPIvARNNA==,Unspecified,1975-07-14,"P O Box 44",,Gainesville,GA,30005,Resident,+1 4045552215,+1 7894452215,What is your favorite song?,"hero",In what city were you born?,"miami","2013-08-26 10:59:59.000000","2019-07-02 17:51:34.000000",,2015-08-25 11:52:55.514000,2015-08-25 11:53:13.485000,Active,0,0,0,0,1,5126,1,Site 36 Internet Portal,0,0,0,,,,,2
12416253,Feng,Shui,,qatest039@galottery.org,vRT73mQjPmrJyfHI0xSA38CMVJilA59E/RRjU3XkV4CYoFmNf3GXX9omNW1ILQ==,Unspecified,1973-06-28,"Box 44",,Morrow,GA,30005,Resident,+1 7705515745,,What is your father's middle name?,"frank",In what city were you born?,"miami","2013-08-26 11:07:11.000000","2019-07-02 17:51:34.000000",,2015-08-25 11:55:28.705000,2015-08-25 11:55:43.740000,Active,0,0,0,0,1,8451,1,Site 36 Internet Portal,0,0,0,,,,,2
12416255,Roarke,Tescom,,qatest040@galottery.org,C+F21R/Voio8ozIfuj9OAfzibvFtABSDTm5qqoEXIkrYzVG7TMZA55AamJky2w==,Unspecified,1978-06-11,"789 Main St",,Atlanta,GA,30005,Resident,+1 7708851158,+1 6787842250,What was the name of your first school teacher?,"bill",In what city were you born?,"miami","2013-08-26 11:50:48.000000","2019-07-02 17:51:34.000000",,2015-07-07 13:51:32.573000,2015-07-07 13:54:25.596000,Active,0,0,0,0,1,4785,1,Site 36 Internet Portal,0,0,0,,,,,2
12416257,History,Tescom,,history_tescom@gmail.com,E5vdAZwwf7z6/oHLelaAi8hWetA9GYWnSz2Hxi//P+I2D63J2MJITouDK6sxiQ==,Unspecified,1982-08-13,"789 Main St",,Forest Gump,GA,30005,Resident,+1 4045551157,+1 5605789456,What was the make of your first car?,"honda",What is your father's middle name?,"frank","2013-08-28 14:22:47.000000","2019-07-02 17:51:34.000000",,2013-10-08 15:55:44.269000,2013-10-08 16:11:21.415000,Active,0,0,0,0,1,9658,1,Site 36 Internet Portal,0,0,0,,,,,2
12418248,Vijaya,Kumari,,vijayawc@gmail.com,62DYmOowUqHpsxp1cidLP6sMhitZTikcYEk0gKUT9MwvQloI5d2w3tGV/d9EyQ==,Unspecified,1991-03-13,"789 Street","Apartment",Florida,GA,30005,Resident,+1 5435435435,+1 5654654654,What was the name of your first school teacher?,"laxmi",In what city were you born?,"vza","2013-09-17 07:01:26.000000","2019-07-02 17:51:34.000000",,,,Active,0,0,0,0,1,,1,Site 36 Internet Portal,0,0,0,,,,,5
12418250,Vijaya,Kumari,,vijaya1wc@gmail.com,LYpcFSCMVc1lqe1qlDLQ4DVId8p2k7uZwYycMs2Fv2DTphPcKUYRCmuLivSSbg==,Unspecified,1987-09-13,"789 Street","Test",Test,GA,30005,Resident,+1 2427988978,+1 6767867867,What was the name of your first school teacher?,"laxmi",In what city were you born?,"vza","2013-09-18 06:46:04.000000","2019-07-02 17:51:34.000000",,2013-09-26 13:14:46.501000,2013-09-26 13:14:58.387000,Active,0,0,0,0,1,9867,1,Site 36 Internet Portal,0,0,0,,,,,2
12418255,Sri,Lakshmi,,srilakshmi@gmail.com,U1bPaLTXbVE511lAdMr9FZ9Nlaee7bphdIs32VQLRViCBt/pY55ia9yhY2CM7w==,Unspecified,1986-01-11,"789 Street","Apartment",Florida,GA,30005,Resident,+1 5677777777,+1 5678787887,What was the name of your first school teacher?,"lakshmi",In what city were you born?,"vza","2013-09-19 07:23:19.000000","2019-07-02 17:51:34.000000",,,,Active,0,0,0,0,1,,1,Site 36 Internet Portal,0,0,0,,,,,5
12418256,Lisa,Moore,,gtechgatest10@hotmail.com,/T21iPkH9Q64P3fNU1zs7ozo3oyrgVXWR4BORTbEqX6p7usAK+swQ0HebNx+ew==,Unspecified,1995-01-01,"789 Lovejoy Street",,Atlanta,GA,30303,Resident,+1 4042227800,,What was the make of your first car?,"atlanta",In what city were you born?,"atlanta","2013-09-20 13:39:07.000000","2019-07-02 17:51:34.000000",,2016-09-26 14:37:59.487000,2016-06-24 09:32:08.433000,Active,0,0,0,0,1,2222,1,Site 36 Internet Portal,0,0,0,,,,,2
12418257,Clara,Oswin,,qatest041@galottery.org,Vmk1mOBbTL/AlawxxYXn5ELfzEMoq60KHKJJdWdeKgIc7MVW+sd1pbmUza2d1A==,Unspecified,1978-05-14,"789 Main Avenue",,Mobile,AK,30005,Resident,+1 4045521147,+1 7708868784,What was the name of your first school teacher?,"bill",What is your father's middle name?,"frank","2013-09-23 09:53:08.000000","2019-07-02 17:51:34.000000",,2016-05-05 09:01:06.398000,2016-05-05 09:01:09.759000,Active,0,0,0,0,1,4752,1,Site 36 Internet Portal,0,0,0,,,,,2
12418258,Albus,Dumbledore,,qatest042@galottery.org,b5ILx/k9VNfK1RBcn/AReffqeGTrDiSZRp3jsi99/dnZw7XxQgenS9OXAcz8iw==,Unspecified,1978-05-15,"789 Main Phoenix",,Atlanta,GA,30005,Resident,+1 7705515785,+1 9784515574,What city or town was your mother born in?,"moather",What is the name of the hospital where you were born?,"hospital","2013-09-23 09:59:54.000000","2019-07-02 17:51:34.000000",,2016-05-05 09:01:26.808000,2016-05-05 09:01:29.678000,Active,0,0,0,0,1,7451,1,Site 36 Internet Portal,0,0,0,,,,,2
12418259,Voldemort,Marvolo,,qatest043@galottery.org,DWuQATkt6YshT3/sUBsSJX0kX2h+rN7aCeZVzWOa45bYc3miG6rMvhOLjyQE/g==,Unspecified,1952-10-31,"789 Main Slytherin",,Buckhead,GA,30005,Resident,+1 6878451545,,What was the name of your first school teacher?,"bill",What is your father's middle name?,"frank","2013-09-23 10:04:08.000000","2019-07-02 17:51:34.000000",,2015-08-14 09:11:21.849000,2015-08-14 09:18:14.509000,Active,0,0,0,0,1,5158,1,Site 36 Internet Portal,0,0,0,,,,,2
12418260,Odin,Asgard,,qatest044@galottery.org,j0DalXSIoCH1UPdqwAUr19tHk3pg77edOWUbjZLUk+ZcrVUJwu3gd8IaEXDuPg==,Unspecified,1972-09-24,"789 Main St",,Atlanta,GA,30005,Resident,+1 4048848874,,What was the make of your first car?,"honda",What is your favorite song?,"hero","2013-09-23 10:08:26.000000","2019-07-02 17:51:34.000000",,2016-02-11 10:34:06.477000,2016-02-11 10:49:43.510000,Active,0,0,0,0,1,5987,1,Site 36 Internet Portal,0,0,0,,,,,2
12418262,Robert,Wham,,robertwham@yahoo.com,itWvP72N0tR3WheIOlltNBtH0s+fqrOlchci0fY8t3Itlv8BC0KW2ShKwJ5DOg==,Unspecified,1973-07-10,"789 Main",,Atlanta,GA,30005,Non-Resident,+1 1568978458,,What was the name of your first school teacher?,"3",In what city were you born?,"1","2013-09-23 10:13:35.000000","2019-07-02 17:51:34.000000",,2014-03-19 11:35:25.527000,2014-03-19 11:36:46.933000,Closed,0,0,0,0,1,8455,1,Site 36 Retailer Terminal,0,0,0,,,,,2
12418264,Chivers,Metimbers,,qatest061@galottery.org,ytV7HD+0btFwFukh75H1gbxmcEMsXvsvAq7ow5VvAlynxdVPZZIyR7kLBf3ecQ==,Unspecified,1985-06-05,"789 Main St",,Buckhead,GA,30303,Resident,+1 4048323892,,What was the name of your first school teacher?,"bill",What is your father's middle name?,"frank","2013-09-26 08:53:36.000000","2019-07-02 17:51:34.000000",,2013-09-27 09:58:53.431000,2013-09-27 10:15:04.717000,Active,0,0,0,0,1,2215,1,Site 36 Retailer Terminal,0,0,0,,,,,2
12418265,Caroline,Tescom,,caroline.tescom@gmail.com,8dHRDVQuudCLTRAauQrcWH7spb7h5b2w93A1Jo7vo1i0hfwi+Yo5xq4IUXP9Ig==,Unspecified,1983-04-08,"250 North Ave.","123",Atlanta,GA,30305,Resident,+1 7703838293,,What was the name of your first school teacher?,"bill",In what city were you born?,"miami","2013-09-26 12:28:00.000000","2019-07-02 17:51:34.000000",,2015-04-13 11:53:03.196000,2015-04-13 11:53:18.413000,Active,0,0,0,0,1,5874,1,Site 36 Internet Portal,0,0,0,,,,,2
12418266,Mia,Grant,,qatest045@galottery.org,8fMvQYb7ufNgtAfkMiK42Og1+d9BUiHnlqwU2AEndJOcPMqE8z60W3fSO6/gYQ==,Unspecified,1966-03-18,"789 Main Street",,Atlanta,GA,30005,Resident,+1 4042158888,,What is your father's middle name?,"atlanta",In what city were you born?,"atlanta","2013-09-26 14:25:46.000000","2019-07-02 17:51:34.000000",,2013-09-26 14:28:23.703000,2013-09-26 14:46:19.296000,Active,0,0,0,0,1,0911,1,Site 36 Internet Portal,0,0,0,,,,,2
12418269,Zippy,Mcgee,,zippy.mcgee44@gmail.com,FCAQIqkGHAiHm7KDECuWlMPeYp6ws8Y/qPrdUi3HqwaAfuoTjRUKfF5ke26F3g==,Unspecified,1969-04-27,"250 Williams Street","3000a",Atlantix,GA,30005,Resident,+1 4045221578,,What was the make of your first car?,"honda",In what city were you born?,"miami","2013-09-27 10:54:42.000000","2019-07-02 17:51:34.000000",,2015-04-13 11:53:32.332000,2015-04-13 11:53:55.625000,Active,0,0,0,0,1,7845,1,Site 36 Internet Portal,0,0,0,,,,,2
12418273,Nicole,Swan,,qatest87@galottery.org,pE87mHV4hl/dnSxcdKXqaju4/S/6JwWlI32lVoQ6uqTUInI88H1YOQu4wBRNtg==,Unspecified,1968-02-28,"789 Main Street",,Atlanta,GA,30005,Resident,+1 4042133636,,What was the make of your first car?,"atl",In what city were you born?,"atl","2013-09-30 11:56:10.000000","2019-07-02 17:51:34.000000",,2013-09-30 12:00:02.076000,2013-09-30 12:17:20.211000,Active,0,0,0,0,1,8963,1,Site 36 Internet Portal,0,0,0,,,,,2
12418274,Joney,Mitchell,,jmitchell@hotmail.com,BFMOVHoLbuAQhCfO6YaWa8CwVZ+jh+WIkNwsSFbHbc4a0FVMGegu9uOQXV5uZQ==,Unspecified,1990-01-01,"P.o. Box 271",,Atlanta,GA,30005,Resident,+1 4041122233,,What was the make of your first car?,"atlanta",In what city were you born?,"atlanta","2013-09-30 13:16:14.000000","2019-07-02 17:51:34.000000",,2013-09-30 13:18:05.788000,2013-09-30 13:27:59.702000,Closed,0,0,0,0,1,3665,1,Site 36 Internet Portal,0,0,0,,,,,2
12418276,Olive,Paul,,qatest88@galottery.org,kt+VQfrxXjEByQSHhpNsrjhe2OLSaGFdAtDZC/vrNxIJ1dLOYu33gIN6ajRp9w==,Unspecified,1962-09-30,"789 Main Street",,Atlanta,GA,30005,Resident,+1 7702365858,,What was the name of your first school teacher?,"ohio",In what city were you born?,"ohio","2013-09-30 14:25:59.000000","2019-07-02 17:51:34.000000",,2014-02-10 16:38:31.621000,2014-02-10 16:39:30.355000,Active,0,0,0,0,1,4723,1,Site 36 Internet Portal,0,0,0,,,,,2
12418277,Allison,Lewis,,qatest89@galottery.org,O60O7uso4oinc4NlVnwZN4dU77AAffzKxiVJJqHO48i4z1InNifBJ9KpgY8+Sg==,Unspecified,1971-06-23,"789 Main Street",,Atlanta,GA,30005,Resident,+1 7704155902,,What was the name of your first school teacher?,"ny",In what city were you born?,"ny","2013-09-30 14:31:17.000000","2019-07-02 17:51:34.000000",,2014-03-03 15:28:17.323000,2014-03-03 15:38:26.603000,Active,0,0,0,0,1,4562,1,Site 36 Lottery WC,0,0,0,,,,,2
12418278,Kristi,Simpson,,kristi.simpson@gtech.com,u6MAN8XZlMenLeb11K0DdzzkCZ41u9msu2P10XwkQYU2XPfEwZBqTaXxVS0ZyA==,Unspecified,1985-01-01,"789 Eat Street",,Atlanta,GA,30005,Resident,+1 7893212564,+1 5631449534,What was the make of your first car?,"test",In what city were you born?,"Chennai","2013-10-01 10:47:01.000000","2020-10-23 11:06:42.000000",,2020-10-23 11:06:42.730000,2020-10-23 11:06:42.756000,Active,0,0,0,0,1,5555,1,Site 36 Lottery WC,645,0,0,200,600,1000,2335,2
12418279,Giksidkd,Idksidkd,,siva.nanduri@gtech.com,YCuu6PZ6mJkQz5r0wumbBE2XEcGSwxtRcKX+isVbJ+TO1ndIbmKxVAnyhxJeZQ==,Unspecified,1992-04-05,"Asfsadfsd","Sadfdsa",Sadfsdafs,GA,30005,Resident,+1 2342343243,,What is your father's middle name?,"vja",What is your favorite song?,"vja","2013-10-01 14:37:04.000000","2019-07-02 17:51:34.000000",,2013-12-04 05:13:15.626000,2013-12-04 05:13:23.130000,Active,0,0,0,0,1,,1,Site 36 Internet Portal,0,0,0,,,,,5
12420247,Forgetful,Tina,,i.forget@gtech.com,tSrAaJGFK8eonSVENgDxQNzbrDF3dRc92lbos/MnuITU2sRrpfs/s4BOCwefMg==,Unspecified,1978-01-18,"123 Memory Lane",,Somewheres,GA,30005,Resident,+1 4462163266,,What was the make of your first car?,"car",In what city were you born?,"city","2013-10-08 16:04:42.000000","2019-07-02 17:51:34.000000",,,,Active,0,0,0,0,1,,1,Site 36 Internet Portal,0,0,0,,,,,5
12420250,Tejeswan,Reddy,,bmreddyrs@gmail.com,90aMxm3Z32MjCiZWA2Ctp8UyfLeGPutfZnJly5FlHXgGdjPzZRRchwaCdwaihg==,Unspecified,1995-03-03,"78 9 Test Street","Newsuit",Newcity,GA,30005,Resident,+1 9999999777,+1 9160111490,What was the name of your first school teacher?,"tejeswan",In what city were you born?,"ongole","2013-10-09 08:30:01.000000","2019-07-02 17:51:34.000000",,2013-11-27 02:45:50.598000,2013-10-11 07:25:39.101000,Active,0,0,0,0,1,3334,1,Site 36 Internet Portal,0,0,0,,,,,2
12420251,Levelone,Tescom,,levelone.tescom@gmail.com,GLLcvFTVAgCGpZwTWwwL3Wqc4lPWXhsOTDR7GqBp0xikaj6c5PLNY4Y4Ebw47A==,Unspecified,1976-02-29,"Po Box 225-b",,Narnia,GA,30005,Resident,+1 6785515577,,What is your favorite song?,"hero",What is your father's middle name?,"frank","2013-10-09 11:04:29.000000","2019-07-02 17:51:34.000000",,2013-11-14 14:37:15.047000,2013-11-14 14:39:40.973000,Active,0,0,0,0,1,,1,Site 36 Internet Portal,0,0,0,,,,,5
12420252,David,Test,,dt1@kinsinger.net,ZesHbkTvBgxV1n0hOFuqakqYy097IIo5DNx7yeZ8R6O+73P/eoJu4W1zVaIE4g==,Unspecified,1995-01-01,"789 Street",,Atlanta,GA,30303,Resident,+1 6546546544,,What was the make of your first car?,"car",In what city were you born?,"city","2013-10-10 11:37:03.000000","2019-07-02 17:51:34.000000",,2016-02-23 16:23:31.614000,2016-02-23 16:23:56.446000,Active,0,0,0,0,1,,1,Site 36 Internet Portal,0,0,0,,,,,5
12422249,Janarthanan,Dhanapal,,janait17@gmail.com,4tOzG6nj3laBpnUq8rKRcumeSfsSOFIt1KHbF4nwJiOFQmRAYd/IvPW41MrpRg==,Unspecified,1988-04-10,"68 Test","Test",Gaa,GA,30005,Resident,+1 5454353453,+1 4354354353,What was the name of your first school teacher?,"jayanthi",In what city were you born?,"vellore","2013-10-28 05:12:22.000000","2019-07-02 17:51:34.000000",,2013-10-29 02:07:10.537000,2013-10-29 02:08:22.166000,Active,0,0,0,0,1,,1,Site 36 Internet Portal,0,0,0,,,,,5
12422250,Katniss,Everdeen,,qatest91@galottery.org,tRhwhtEr+az/1Ue2lxZQ5rYXYAnmVMpTzrvg71HACOcruvszkDasbcaiLUPaog==,Unspecified,1980-04-15,"789 Main St",,Atlanta,GA,30005,Resident,+1 4045521547,+1 4549851512,What was the name of your first school teacher?,"bill",What is your father's middle name?,"frank","2013-10-28 10:10:37.000000","2019-07-02 17:51:34.000000",,2016-05-05 09:01:47.417000,2016-05-05 09:01:49.990000,Active,0,0,0,0,1,4515,1,Site 36 Internet Portal,0,0,0,,,,,2
12422251,John,Winters,,qatest92@galottery.org,Lolpj5A3HvOTItqY5IVVo0qOG3nSDod123uV6w9f6KdmJTuK4opaIbU7EunBzw==,Unspecified,1969-08-15,"789 Main St N",,Atlanta,GA,30005,Resident,+1 4045515512,+1 3354785152,In what city were you born?,"miami",What was the make of your first car?,"honda","2013-10-28 10:22:00.000000","2019-07-02 17:51:34.000000",,2015-09-28 16:03:31.688000,2015-09-28 15:57:23.492000,Active,0,0,0,0,1,5785,1,Site 36 Internet Portal,0,0,0,,,,,2
12422252,Gale,Bennedict,,qatest93@galottery.org,9t2IR3GHVGzGMDKYVa3JEBqPLvFTlRBbJHS1JNsEVtKD07rdeOXfMeotvCKg8w==,Unspecified,1978-04-21,"789 Main St",,Atlanta,GA,30005,Resident,+1 4564878451,+1 6261578951,What is your favorite song?,"hero",What is your father's middle name?,"frank","2013-10-28 10:30:32.000000","2019-07-02 17:51:34.000000",,2015-04-13 11:56:44.837000,2015-04-13 11:57:00.376000,Active,0,0,0,0,1,4512,1,Site 36 Internet Portal,0,0,0,,,,,2
12422253,Horace,Friendly,,horacefriendly@newberg.org,SCKhWiLkwP6JEeeYCdqUHa0tVYrAO/bCgAkKpmtCKLecHi6qWfh2+MgUHPsIAw==,Unspecified,1971-07-24,"789 Main",,Atlanta,GA,30005,Resident,+1 1567894567,+1 1567894561,What was the name of your first school teacher?,"bill",What is your father's middle name?,"frank","2013-10-28 10:32:55.000000","2019-07-02 17:51:34.000000",,2013-11-27 13:05:54.757000,2013-11-27 13:06:48.907000,Active,0,0,0,0,1,5615,1,Site 36 Retailer Terminal,0,0,0,,,,,2
12422254,Christian,Grey,,qatest94@galottery.org,Vjlv3YQSvicJ7AVpQpedmlOXvtQaw/Rtqa8Rg+r8+XgeI5NwX/3VVFHRbmmuDA==,Unspecified,1962-11-25,"789 Main Shades Rd",,Atlanta,GA,30005,Non-Resident,+1 2938482948,+1 3898348572,What was the make of your first car?,"honda",In what city were you born?,"miami","2013-10-28 10:43:35.000000","2019-07-02 17:51:34.000000",,2016-05-12 12:14:51.433000,2016-05-12 12:16:32.270000,Active,0,0,0,0,1,4521,1,Site 36 Internet Portal,0,0,0,,,,,2
12422255,Debt,Setoff,,qatest95@galottery.org,LaaOKTOoPf0Jq8LR1TbzXi6yjcQhPzBg6u9uC40n0oevVkQuWNBX1OoWpWwLxQ==,Unspecified,1976-02-29,"789 Main Debt",,Georgetown,GA,30005,Resident,+1 3920947289,,What was the name of your first school teacher?,"bill",What is your father's middle name?,"frank","2013-10-28 10:50:03.000000","2019-07-02 17:51:34.000000",,2015-09-21 15:05:42.197000,2015-09-21 15:06:13.367000,Active,0,0,0,0,1,1111,1,Site 36 Internet Portal,0,0,0,,,,,2
12422256,Florence,Gritz,,qatest96@galottery.org,fLdVrLNZGbOv5qtg9lca6kQyeaHbM0w+/6DNApiCgnbK55lrD2NSEbLiwjH9AA==,Unspecified,1963-07-17,"789 Main St",,Nebraska,GA,30005,Resident,+1 4045617894,+1 4564891561,What was the make of your first car?,"honda",What is your father's middle name?,"miami","2013-10-28 10:59:28.000000","2019-07-02 17:51:34.000000",,2017-01-13 12:19:10.499000,2016-03-15 10:01:43.828000,Active,0,0,0,0,1,1111,1,Site 36 Internet Portal,0,0,0,,,,,2
12422257,Samuel,Freezeboro,,qatest97@galottery.org,0HZeUAOyyqppwEew7Ry639N7Nh7QlxDppQVLQxB+fuiT+vRutyfhSCElv3erPw==,Unspecified,1984-03-11,"789 Main St B",,Atlanta,GA,30005,Resident,+1 4504654895,+1 4568948945,What is your favorite song?,"hero",What was the name of your first school teacher?,"bill","2013-10-28 12:06:18.000000","2019-07-02 17:51:34.000000",,2019-07-02 08:43:10.709000,2019-07-02 08:44:16.749000,Active,0,0,0,0,1,8451,1,Site 36 Internet Portal,0,0,0,,,,,2
12422258,Percy,Jackson,,qatest98@galottery.org,ZQq7ya7ao0KSyEHcUoFFqTYggcGxoP2PJ5IaBifQN31ZZTF6kayX9awaJC7BnA==,Unspecified,1976-07-15,"789 Main St",,Atlanta,GA,30005,Resident,+1 1562156875,+1 2317894354,What was the make of your first car?,"honda",What is your favorite song?,"hero","2013-10-28 12:11:06.000000","2019-07-02 17:51:34.000000",,2019-01-10 09:42:15.322000,2019-01-10 09:48:20.921000,Active,0,0,0,0,1,9321,1,Site 36 Internet Portal,55957.6,0,0,,,,,2
12422259,Pinterest,Jones,,qatest99@galottery.org,ubvL7FMk9eHKK+bJ5F8Trz84RtP0nuYZIW4Wn/6eB4oAATbBqcopKg/scedQPw==,Unspecified,1979-03-16,"789 Main",,Atlanta,GA,30303,Resident,+1 1561564578,,What was the make of your first car?,"honda",In what city were you born?,"miami","2013-10-28 12:33:41.000000","2019-07-02 17:51:34.000000",,2019-01-10 09:51:17.099000,2019-01-10 10:07:34.663000,Active,0,0,0,0,1,9215,1,Site 36 Internet Portal,67922,0,0,,,,,2
12422260,George,Washington,,qatest107@galottery.org,Oi+yxrLIN/LNxWKtT0Umm84WoEiG+wgkmYSwI/mfkFfxtmhKe18aSSNkPdlKcQ==,Unspecified,1971-06-19,"789 Main St",,Atlanta,GA,30005,Resident,+1 1565487845,,What was the name of your first school teacher?,"ef",What is your father's middle name?,"ab","2013-10-28 12:54:31.000000","2019-07-02 17:51:34.000000",,2015-04-17 16:02:11.919000,2015-04-17 16:02:34.693000,Active,0,0,0,0,1,9451,1,Site 36 Internet Portal,0,0,0,,,,,2
12422261,Trevor,Frog,,qatest100@galottery.org,1wvYQRWF97emc5z2ZQxM7h6pxFhtOD/n26jrjgp4s4CktZQ0CJhKMm1DCDdFVg==,Unspecified,1975-04-21,"789 Main St",,Atlanta,GA,30005,Non-Resident,+1 1564567894,,What is your favorite song?,"hero",In what city were you born?,"miaim","2013-10-28 12:58:14.000000","2020-10-08 07:35:26.000000",,2020-10-08 07:35:21.042000,2020-10-08 07:41:33.527000,Active,0,0,0,0,1,9999,1,Site 36 Internet Portal,0,0,0,,,,,2
12422262,Saturn,Monroe,,qatest101@galottery.org,5CSqNGobC8is9m0kuSP+4I/SGibH4hupu5gyQB9IJF/XUOjFPTAdxkfTh9Sbig==,Unspecified,1978-11-04,"789 Main",,Atlanta,GA,30005,Resident,+1 2939894898,+1 2352393980,What was the name of your first school teacher?,"bill",In what city were you born?,"miami","2013-10-28 14:11:48.000000","2019-07-02 17:51:34.000000",,2017-11-21 12:15:18.837000,2017-11-21 12:16:03.556000,Active,0,0,0,0,1,8888,1,Site 36 Internet Portal,0,0,0,,,,,2
12422263,Amy,Pond,,qatest102@galottery.org,tygtzRo8YNmF8uYFdc6NIJmxjXelX+FHP5yQrJ+39WGDVYv/0CDMpL3QciWCvg==,Unspecified,1969-10-28,"789 Main St",,Atlanta,GA,30005,Resident,+1 4045615657,+1 7705161561,What was the make of your first car?,"honda",In what city were you born?,"miami","2013-10-29 08:55:17.000000","2019-07-02 17:51:34.000000",,2016-05-03 12:17:03.902000,2016-05-03 12:17:14.773000,Active,0,0,0,0,1,8598,1,Site 36 Internet Portal,0,0,0,,,,,2
12422265,Amelia,Peabody,,qatest103@galottery.org,tPDsB30PLwNeN4ERguSKpZiHDpm1g4eILW87RxOm2n0WM8XWEjZy77ZP2I5Fkw==,Unspecified,1982-06-07,"789 Main St",,Atlanta,GA,30005,Resident,+1 7703892839,+1 6785615615,What was the name of your first school teacher?,"bill",In what city were you born?,"miami","2013-10-29 08:56:19.000000","2019-07-02 17:51:34.000000",,2015-03-19 11:55:42.930000,2015-03-19 11:55:47.929000,Active,0,0,0,0,1,7892,1,Site 36 Internet Portal,0,0,0,,,,,2
12422266,Silas,Marner,,silasmarner.test@gmail.com,M4xKMEynwzzQg9s0+3+g1GaAhQOEFCEmUQ9pwL97vkpoMCzZn3ctwGHS4YxWQA==,Unspecified,1954-08-26,"789 Main St",,Atlanta,GA,30303,Resident,+1 3889385893,+1 2309583982,In what city were you born?,"m1ami",What is your father's middle name?,"frank","2013-10-29 09:30:18.000000","2019-07-02 17:51:34.000000",,2016-09-27 07:57:48.977000,2016-09-27 08:13:33.104000,Active,0,0,0,0,1,1565,1,Site 36 Internet Portal,0,0,0,,,,,2
12422268,Jason,Astronaut,,jason.astronauts@gmail.com,NRKKyTn70dpfg2vLwxmgG/kncb0Y6c05hKjgob3HhcW3A8LETWZbXZ83m83xAg==,Unspecified,1974-11-22,"789 Main St",,Atlanta,GA,30005,Resident,+1 4045645689,+1 4560484685,What was the name of your first school teacher?,"bill",In what city were you born?,"miami","2013-11-07 10:55:13.000000","2019-07-02 17:51:34.000000",,2015-10-29 10:06:27.270000,2015-10-29 10:06:36.951000,Active,0,0,0,0,1,6848,1,Site 36 Internet Portal,0,0,0,,,,,2
12422271,Santa,Claus,,santaclaus@gmail.com,H0hU8+VXgDBheXAapKm8Y2RP2NcsuwbcFpYf1cfZx4gVNmWGxHlF+nW0RMPhpQ==,Unspecified,1974-05-20,"789 Main",,Atlanta,GA,30005,Resident,+1 4045688945,,What was the name of your first school teacher?,"bill",What is your father's middle name?,"frank","2013-11-07 11:14:49.000000","2019-07-02 17:51:34.000000",,2014-03-18 14:58:36.381000,2014-03-18 14:59:44.192000,Active,0,0,0,0,1,9784,1,Site 36 Retailer Terminal,0,0,0,,,,,2
12422273,James,Hill,,jameshill@galottery.org,1MTKZa1DoNM1sn0QpwzbEcFXO2cy6vCOVCF2aAuwcVJl8ZNsUrUFDYzb48aW/w==,Unspecified,1971-05-12,"789 Main",,Atlanta,GA,30005,Non-Resident,+1 3823985838,,What is your favorite song?,"3",In what city were you born?,"1","2013-11-08 16:02:01.000000","2019-07-02 17:51:34.000000",,2013-12-06 15:26:58.657000,2013-12-06 15:26:42.221000,Active,0,0,0,0,1,1477,1,Site 36 Retailer Terminal,0,0,0,,,,,2
12422275,Lucky,Winners,,qatest104@galottery.org,zrQBbUiaYJeQuegSCr5xQN4Q1dEilxqKi4ORh5sMJ0cA9FrSU7gRyaonfwM+5Q==,Unspecified,1976-02-29,"789 Main",,Stone Mountain,GA,30005,Non-Resident,+1 4068948945,+1 6878451564,What was the make of your first car?,"honda",In what city were you born?,"miami","2013-11-12 09:58:25.000000","2019-07-02 17:51:34.000000",,2016-02-25 14:22:17.950000,2016-02-25 13:14:15.634000,Active,0,0,0,0,1,8641,1,Site 36 Internet Portal,0,0,0,,,,,2
12422281,Joanne,Slitheen,,joanneslitheen@gmail.com,Kq5L17KD4I06a1aNP9+UyIrGL2yjGKcVO5s8/XnkqGz9quWNbkleU5GuC91iyA==,Unspecified,1976-04-20,"789 Main",,Atlanta,GA,30005,Resident,+1 4045687894,,What is your favorite song?,"hero",What is your father's middle name?,"frank","2013-11-13 13:11:47.000000","2019-07-02 17:51:34.000000",,2014-03-18 14:54:58.040000,2014-03-18 14:56:07.961000,Active,0,0,0,0,1,5789,1,Site 36 Retailer Terminal,0,0,0,,,,,2
12422282,Ted,Bundy,,tedbundy@gmail.com,WztCoJDRHLEXUmvzHH6Gc0f7kAVPzN9JoTIP1YbISy6WpiSukcPVjur9s5nuuA==,Unspecified,1970-05-22,"Po Box 2",,Stockbridge,GA,30281,Resident,+1 4048984875,,What is your favorite song?,"hero",What was the make of your first car?,"honda","2013-11-14 09:52:57.000000","2019-07-02 17:51:34.000000",,2014-02-14 10:50:45.810000,2014-02-14 11:06:48.796000,Active,0,0,0,0,1,9845,1,Site 36 Internet Portal,0,0,0,,,,,2
12422283,Chris,Christopherson,,chrissychris@gmail.com,lqEdPGZmaN2WZoJOMtYUBMdNAwUMr7Sz/ucb1PhBqDC/kIL/q44nhNFSpmkPDA==,Unspecified,1972-06-20,"789 Main",,Atlanta,GA,30005,Resident,+1 0456048987,+1 4568798451,What was the name of your first school teacher?,"bill",In what city were you born?,"miami","2013-11-14 10:10:09.000000","2019-07-02 17:51:34.000000",,2013-11-14 10:10:58.653000,2013-11-14 10:12:58.967000,Active,0,0,0,0,1,8945,1,Site 36 Internet Portal,0,0,0,,,,,2
12422284,James,Taylor,,jtandtheband@gmail.com,taonP+YxhaZsvJ1+JPRwzLTB2+6ClXc6thseo5iHLWaVV2oUKefCxmUoHAnwDw==,Unspecified,1976-04-17,"Po Box 3",,Atlanta,GA,30304,Resident,+1 4506489455,,What was the make of your first car?,"honda",In what city were you born?,"miami","2013-11-14 10:13:52.000000","2019-07-02 17:51:34.000000",,2013-11-14 10:14:14.319000,2013-11-14 10:16:34.314000,Active,0,0,0,0,1,,1,Site 36 Internet Portal,0,0,0,,,,,5
12422285,Barnabus,Keno,,barnabuskeno@gmail.com,KcSRQFcOfrEG8t/D94Y0khMiwFBjiqspRW+1YuqTUI44NkkkrGcBq/EE9UqXUg==,Unspecified,1971-05-26,"789 Main",,Hiram,GA,30005,Resident,+1 3892838538,+1 2838393892,What was the name of your first school teacher?,"bill",In what city were you born?,"miami","2013-11-14 12:44:34.000000","2019-07-02 17:51:34.000000",,2013-12-06 10:25:27.689000,2013-12-06 11:14:06.165000,Active,0,0,0,0,1,8458,1,Site 36 Retailer Terminal,0,0,0,,,,,2
12422286,Gerard,Hamilton,,qatest106@galottery.org,BZ6XSt6GC9OnwHMNr8dV69Yt7gMCxL1d7PnZQF+1ctQH8nwxRKKmAn0fenSIJQ==,Unspecified,1991-05-08,"789 Main",,Atlanta,GA,30005,Resident,+1 5438464887,,What is your favorite song?,"hero",What is your father's middle name?,"frank","2013-11-14 14:11:55.000000","2019-07-02 17:51:34.000000",,2016-05-05 09:03:20.228000,2016-05-05 09:03:22.818000,Active,0,0,0,0,1,4085,1,Site 36 Retailer Terminal,0,0,0,,,,,2
12422287,Bond,Girl,,bondgirl@gmail.com,cuvrt+OUJUbCZV8Q5XuNoTJuDhqocHJtuw+rWz7TgbuDMhrYk92LNIaSxu0f3g==,Unspecified,1900-11-26,"Po Box 425",,Hiram,GA,30258,Resident,+1 4506489789,,What is your favorite song?,"hero",In what city were you born?,"miami","2013-11-14 15:53:03.000000","2019-07-02 17:51:34.000000",,2013-11-14 15:53:34.472000,2013-11-14 16:09:07.265000,Active,0,0,0,0,1,,1,Site 36 Internet Portal,0,0,0,,,,,5
12422288,Fred,Flintstone,,fredflintstone@gmail.com,onFUPn4dv8T9LTi4wf6OXAkLahHgHab1ve/QCuhb+npmW1xWfYUjJLJFzIQ9Eg==,Unspecified,1972-06-20,"52 Sampson St",,Atlanta,GA,30281,Resident,+1 4506489784,,What was the name of your first school teacher?,"bill",In what city were you born?,"miami","2013-11-14 16:20:18.000000","2019-07-02 17:51:34.000000",,2013-11-14 16:20:44.867000,2013-11-14 16:21:53.169000,Active,0,0,0,0,1,9456,1,Site 36 Internet Portal,0,0,0,,,,,2
12422289,Jannica,Kieren,,irisheyes@gmail.com,s+sTcYSfKE6ybHkv4N9mOnBVqhGs6AO7Z0ahhQnHoOrjhPLMwhDgyLuoOvpuTA==,Unspecified,1900-12-31,"789 Main","3",Atlanta,GA,30005,Resident,+1 1925368765,+1 1937625893,What is your favorite song?,"hero",What is your father's middle name?,"qatest97","2013-11-15 12:48:22.000000","2019-07-02 17:51:34.000000",,2013-11-15 12:50:35.499000,2013-11-15 13:27:16.621000,Active,0,0,0,0,1,6543,1,Site 36 Internet Portal,0,0,0,,,,,2
12422290,Boy,George,,boygeorge@gmail.com,hD/gkwLCOFbVTtx0iEsb87x6gyV683V/fAAyAVnZ8uBw5BpAc9LuGiZDk6YZug==,Unspecified,1988-10-19,"765 Grdg Mj",,Atlanta,GA,30005,Non-Resident,+1 8376183748,+1 8373923738,What is your father's middle name?,"frank",In what city were you born?,"miamo","2013-11-15 13:31:53.000000","2019-07-02 17:51:34.000000",,2014-02-06 15:53:07.711000,2014-02-06 16:08:19.369000,Active,0,0,0,0,1,3434,1,Site 36 Internet Portal,0,0,0,,,,,2
12422291,Jones,Jones,,jones@gmail.com,k8+gnWstBTrpu4zR69K61oSbRJMtuNKtyJyKbGkNjbz3VQ1M1MhH+nUOcU/HGA==,Unspecified,1970-03-25,"789 Main St",,Atlanta,GA,30005,Resident,+1 4056406489,,What was the name of your first school teacher?,"bill",In what city were you born?,"miami","2013-11-15 14:26:29.000000","2019-07-02 17:51:34.000000",,2014-02-06 15:51:24.772000,2014-02-06 15:53:00.168000,Active,0,0,0,0,1,9515,1,Site 36 Internet Portal,0,0,0,,,,,2
12422292,Henry,Charming,,henrycharming111@gmail.com,/RAJFxSjgEEOu4kAywM4U9sE+n/9EJdVt9n993MXpkPm6sXdzwaCpvMrdfeZjw==,Unspecified,1960-10-28,"Po Box 1183-a",,Mainwe,GA,30005,Resident,+1 8355627365,,What is your favorite song?,"hero",In what city were you born?,"miami","2013-11-18 10:42:05.000000","2019-07-02 17:51:34.000000",,2016-04-12 11:28:29.441000,2016-04-12 11:29:04.364000,Active,0,0,0,0,1,,1,Site 36 Internet Portal,0,0,0,,,,,5
12422293,Frank,Burger,,burgermiester@gmail.com,apxoVLt5VIgn4EOF/g9ouRijLL5asa1+W79PzpY3UNh1scP1sAtwhWSm5h/BbA==,Unspecified,1971-06-28,"Po Box 1",,Mcdonough,GA,30005,Non-Resident,+1 8758768654,,What was the make of your first car?,"honda",What is your favorite song?,"hero","2013-11-18 12:41:36.000000","2019-07-02 17:51:34.000000",,2014-02-07 13:58:35.186000,2014-02-07 14:18:19.692000,Active,0,0,0,0,1,8734,1,Site 36 Internet Portal,0,0,0,,,,,2
